TRUNCATE TABLE enderecos.cidade CASCADE;
TRUNCATE TABLE enderecos.endereco CASCADE;
TRUNCATE TABLE unidades.unidade CASCADE;

ALTER SEQUENCE enderecos.cidade_cid_id_seq RESTART WITH 100;
ALTER SEQUENCE enderecos.endereco_end_id_seq RESTART WITH 100;
ALTER SEQUENCE unidades.unidade_unid_id_seq RESTART WITH 100;

INSERT INTO enderecos.cidade(cid_id, cid_nome, cid_uf) VALUES
(1, 'SAO PAULO','SP'),
(2, 'RIO DE JANEIRO','RJ');

INSERT INTO enderecos.endereco(end_id, end_tipo_logradouro, end_logradouro, end_numero, end_bairro, cid_id) VALUES
(1, 'RUA', 'SAO JOAO', 120, 'CENTRO', 1),
(2, 'AVENIDA', 'PAULISTA', 1500, 'JARDINS', 2),
(3, 'RUA', 'XV DE NOVEMBRO', 300, 'CENTRO', 1),
(4, 'AVENIDA', 'RIO BRANCO', 400, 'CENTRO', 2),
(5, 'RUA', 'OSCAR FREIRE', 250, 'JARDINS', 1),
(6, 'RUA', 'VERGUEIRO', 600, 'LIBERDADE', 2),
(7, 'AVENIDA', 'IPIRANGA', 700, 'CENTRO', 1),
(8, 'RUA', 'HADDOK LOBO', 800, 'JARDINS', 2),
(9, 'RUA', 'AUGUSTA', 900, 'CENTRO', 1),
(10, 'AVENIDA', 'BRIGADEIRO LUIS ANTONIO', 1000, 'CENTRO', 2),
(11, 'RUA', 'TEODORO SAMPAIO', 1100, 'PINHEIROS', 1),
(12, 'AVENIDA', 'SANTO AMARO', 1200, 'BROOKLIN', 2),
(13, 'RUA', 'FARIA LIMA', 1300, 'ITAIM BIBI', 1),
(14, 'AVENIDA', 'ENGENHEIRO LUIZ CARLOS BERRINI', 1400, 'BROOKLIN', 2),
(15, 'RUA', 'JOAQUIM FLORIANO', 1500, 'ITAIM BIBI', 1),
(16, 'AVENIDA', 'NOVE DE JULHO', 1600, 'JARDINS', 2),
(17, 'RUA', 'SANTA CATARINA', 1700, 'CENTRO', 1),
(18, 'AVENIDA', 'REBOUCAS', 1800, 'PINHEIROS', 2),
(19, 'RUA', 'CARDEAL ARCOVERDE', 1900, 'PINHEIROS', 1),
(20, 'AVENIDA', 'JUSCELINO KUBITSCHEK', 2000, 'VILA OLIMPIA', 2);

INSERT INTO unidades.unidade(unid_id, unid_nome, unid_sigla) VALUES
(1, 'SECRETARIA DE ADMINISTRAÇÃO E RECURSOS HUMANOS (SARH)', 'AC'),
(2, 'DEPARTAMENTO DE GESTÃO DE PESSOAS (DGP)', 'AL'),
(3, 'COORDENADORIA DE RECURSOS HUMANOS (CRH)', 'AP'),
(4, 'DIRETORIA DE PESSOAL (DP)', 'AM'),
(5, 'SETOR DE RECURSOS HUMANOS (SRH)', 'BH'),
(6, 'DIVISÃO DE GESTÃO DE PESSOAS (DGP)', 'CE'),
(7, 'DEPARTAMENTO DE RECURSOS HUMANOS (DRH)', 'DF'),
(8, 'GERÊNCIA DE PESSOAL (GP)', 'ES'),
(9, 'SEÇÃO DE RECURSOS HUMANOS (SRH)', 'GO'),
(10, 'COORDENADORIA DE GESTÃO DE PESSOAS (CGP)', 'MA'),
(11, 'DIRETORIA DE RECURSOS HUMANOS (DRH)', 'MT'),
(12, 'SETOR DE PESSOAL (SP)', 'MS'),
(13, 'COORDENADORIA DE ADMINISTRAÇÃO DE PESSOAL (CAP)', 'MG'),
(14, 'SEÇÃO DE GESTÃO DE PESSOAS (SGP)', 'PA'),
(15, 'DIVISÃO DE RECURSOS HUMANOS (DRH)', 'PB'),
(16, 'GERÊNCIA DE ADMINISTRAÇÃO DE PESSOAL (GAP)', 'PR'),
(17, 'DEPARTAMENTO DE PESSOAL (DP)', 'SP'),
(18, 'SECRETARIA DE RECURSOS HUMANOS (SRH)', 'PI'),
(19, 'UNIDADE DE GESTÃO DE PESSOAS (UGP)', 'RJ'),
(20, 'SEÇÃO DE ADMINISTRAÇÃO DE PESSOAL (SAP)', 'RN');

INSERT INTO unidades.unidade_endereco(unid_id, end_id) VALUES
(1,1),
(2,2),
(3,3),
(4,4),
(5,5),
(6,6),
(7,7),
(8,8),
(9,9),
(10,10),
(11,11),
(12,12),
(13,13),
(14,14),
(15,15),
(16,16),
(17,17),
(18,18),
(19,19),
(20,20);